# icon colors | n=1200
appId,r,g,b,hue,sat,val,color
"org.isoron.uhabits","57","137","216","210","0.736","0.847","blue"
"com.habitgenius.habit.tracker","144","133","233","247","0.429","0.914","blue"
"com.roehl.habitkit","61","80","79","177","0.237","0.314","teal"
"com.habitnow","201","51","100","340","0.746","0.788","pink"
"com.habitrpg.android.habitica","124","74","217","261","0.659","0.851","purple"
"xyz.thefor.habits.habits","190","223","207","151","0.148","0.875","white"
"app.disciplined.productive.structured.habit.tracker","81","77","79","330","0.049","0.318","gray"
"com.junhwank.habitjar","213","207","200","32","0.061","0.835","white"
"com.ticktick.task","237","238","244","231","0.029","0.957","white"
"cc.forestapp","189","193","99","63","0.487","0.757","yellow"
"com.gohary.habitradar","248","235","233","8","0.060","0.973","white"
"com.alt.goodmorning","248","239","172","53","0.306","0.973","yellow"
"com.thehungrywasp.iamsober","225","246","246","180","0.085","0.965","white"
"habittracker.todolist.tickit.daily.planner","234","32","32","0","0.863","0.918","red"
"com.apalon.to.do.list","39","53","56","191","0.304","0.220","dark"
"com.google.android.apps.wellbeing","219","242","225","136","0.095","0.949","white"
"com.oristats.habitbull","197","201","203","200","0.030","0.796","gray"
"com.everydaycheckmobile","200","228","191","105","0.162","0.894","white"
"com.habit.habstick","29","29","29","0","0.000","0.114","dark"
"com.habitpixel.app","173","173","141","60","0.185","0.678","yellow"
"com.motivated.app","41","48","45","154","0.146","0.188","dark"
"com.studio.hellohabit","211","215","238","231","0.113","0.933","white"
"com.habits.todolist.plan.wish","227","229","233","220","0.026","0.914","white"
"app.avocation.avocation","92","169","131","150","0.456","0.663","green"
"com.nurturehabit","229","242","224","103","0.074","0.949","white"
"com.weeklychecklist","224","235","248","213","0.097","0.973","white"
"co.au.goalhero","136","129","66","54","0.515","0.533","yellow"
"app.vinztech.tickit","185","158","9","51","0.951","0.725","yellow"
"com.cosdensolutions.habitquest","39","40","68","238","0.426","0.267","blue"
"com.dison.HabitDone","68","70","72","210","0.056","0.282","gray"
"com.raha.app.mymoney.free","237","186","150","25","0.367","0.929","orange"
"com.thebudgetingapp.thebudgetingapp","117","113","175","244","0.354","0.686","blue"
"com.everydollar.android","84","192","108","133","0.563","0.753","green"
"com.truebill","248","232","237","341","0.065","0.973","white"
"com.freeman.moneymanager","238","205","113","44","0.525","0.933","orange"
"com.realbyteapps.moneymanagerfree","242","95","83","5","0.657","0.949","red"
"com.droid4you.application.wallet","136","219","177","150","0.379","0.859","green"
"com.pocketguard.android.app","79","82","102","232","0.225","0.400","blue"
"com.cleevio.spendee","218","216","205","51","0.060","0.855","white"
"com.budget.tracker_app","234","231","209","53","0.107","0.918","white"
"com.monarchmoney.mobile","255","120","66","17","0.741","1.000","orange"
"com.mobilecreditcards","156","219","160","124","0.288","0.859","green"
"com.mhriley.spendingtracker","177","91","53","18","0.701","0.694","orange"
"com.fourdesire.fortunecity","138","203","193","171","0.320","0.796","teal"
"com.youneedabudget.evergreen.app","105","131","223","227","0.529","0.875","blue"
"com.quicken.acme","103","67","255","251","0.737","1.000","blue"
"com.monefy.app.lite","157","214","176","140","0.266","0.839","green"
"com.benoitletondor.easybudgetapp","22","146","134","174","0.849","0.573","teal"
"com.glgjing.money.manager.bookkeeping.meow","225","200","171","32","0.240","0.882","orange"
"com.spotlightsix.zentimerlite2","239","225","212","29","0.113","0.937","white"
"meditofoundation.medito","213","206","250","250","0.176","0.980","white"
"uk.co.serenity.guided.meditation","235","225","215","30","0.085","0.922","white"
"com.getsomeheadspace.android","247","137","1","33","0.996","0.969","orange"
"com.elevatelabs.geonosis","210","237","248","197","0.153","0.973","white"
"com.simplehabit.simplehabitapp","113","205","207","181","0.454","0.812","teal"
"com.calm.android","70","153","231","209","0.697","0.906","blue"
"com.meditation.elevenminute","251","170","30","38","0.880","0.984","orange"
"se.lichtenstein.mind.en","47","182","255","201","0.816","1.000","blue"
"com.downdogapp.meditation","95","167","229","208","0.585","0.898","blue"
"com.aurahealth","238","238","232","60","0.025","0.933","white"
"com.yiqi.chakra.meditation.bowls","16","37","68","216","0.765","0.267","blue"
"com.meditationmoments.meditationmoments","254","161","86","27","0.661","0.996","orange"
"epixler.de.hypnobox_android","230","207","186","29","0.191","0.902","orange"
"com.subconscious.thrive","212","212","212","0","0.000","0.831","white"
"org.wakingup.android","24","61","104","212","0.769","0.408","blue"
"app.hallow.android","141","67","207","272","0.676","0.812","purple"
"com.imobilize.relaxsleepwell","136","165","225","220","0.396","0.882","blue"
"org.plumvillageapp","255","173","124","22","0.514","1.000","orange"
"com.abdula.pranabreath","172","152","205","263","0.259","0.804","purple"
"com.robobobo.apps.buddhasquotes","147","191","184","170","0.230","0.749","teal"
"com.ttn.idanim","81","195","215","189","0.623","0.843","teal"
"com.Meditation.app","99","112","145","223","0.317","0.569","blue"
"com.chakra.balance.meditation.healing","63","40","96","265","0.583","0.376","purple"
"com.thewayapp.mobile","229","216","213","11","0.070","0.898","white"
"com.third.eye.brainwaves.chakra.meditation","93","69","58","19","0.376","0.365","orange"
"com.healthyminds","61","63","110","238","0.445","0.431","blue"
"com.onemother.app","47","70","142","225","0.669","0.557","blue"
"com.changecollective.tenpercenthappier","251","214","200","16","0.203","0.984","orange"
"com.frequency.healing.chakra.binaural.beats.brainwaves","105","71","144","268","0.507","0.565","purple"
"com.hevy","39","39","39","0","0.000","0.153","dark"
"homeworkout.homeworkouts.noequipment","166","77","106","340","0.536","0.651","pink"
"com.myworkoutplan.myworkoutplan","80","107","99","162","0.252","0.420","green"
"musclebooster.workout.home.gym.abs.loseweight","69","70","71","210","0.028","0.278","gray"
"musclemonster.fitness.workout.home.gym.planner","214","173","19","47","0.911","0.839","yellow"
"com.fitness22.workout","58","64","72","214","0.194","0.282","blue"
"homeworkout.fitness.app","7","44","90","213","0.922","0.353","blue"
"com.fitbod.fitbod","228","79","110","348","0.654","0.894","red"
"com.lyfta","21","21","21","0","0.000","0.082","dark"
"com.github.jamesgay.fitnotes","159","214","236","197","0.326","0.925","teal"
"je.fit","72","136","255","219","0.718","1.000","blue"
"com.mih.planfit","2","17","14","168","0.882","0.067","dark"
"gymworkout.gym.gymlog.gymtrainer","157","84","90","355","0.465","0.616","red"
"com.mapmyfitness.android2","62","112","163","210","0.620","0.639","blue"
"com.anthonyng.workoutapp","225","145","45","33","0.800","0.882","orange"
"io.strongapp.strong","16","39","56","206","0.714","0.220","dark"
"com.bodbot.trainer","99","99","98","60","0.010","0.388","gray"
"com.duolingo","134","211","54","89","0.744","0.827","green"
"com.picoai.languageapp.android","244","239","241","336","0.020","0.957","white"
"com.unacademy.antonio","121","197","239","201","0.494","0.937","blue"
"com.selabs.speak","220","227","255","228","0.137","1.000","white"
"com.babbel.mobile.android.en","254","88","17","18","0.933","0.996","orange"
"com.lingodeer","237","217","159","45","0.329","0.929","orange"
"com.moymer.falou","80","146","243","216","0.671","0.953","blue"
"com.simyasolutions.ling.universal","213","177","100","41","0.531","0.835","orange"
"com.innovativelanguage.innovativelanguage101","76","206","235","191","0.677","0.922","teal"
"com.lin.duo.speak.languages","235","203","227","315","0.136","0.922","white"
"com.hyperthought.lingolegend","134","129","128","10","0.045","0.525","gray"
"com.busuu.android.enc","80","142","227","215","0.648","0.890","blue"
"com.memrise.android.memrisecompanion","189","150","33","45","0.825","0.741","yellow"
"com.ai.language.learning.tutor","132","174","230","214","0.426","0.902","blue"
"com.mango.android","211","217","212","130","0.028","0.851","white"
"com.hellotalk","72","57","142","251","0.599","0.557","blue"
"com.atistudios.mondly.languages","241","131","96","14","0.602","0.945","red"
"com.david.android.languageswitch","199","159","87","39","0.563","0.780","orange"
"com.pingolearn.languages","187","213","232","205","0.194","0.910","blue"
"app.getfluently.app","95","137","253","224","0.625","0.992","blue"
"es.monkimun.lingokids","136","168","180","196","0.244","0.706","teal"
"com.languagedrops.drops.international","117","72","134","284","0.463","0.525","purple"
"com.hellochinese","149","215","213","178","0.307","0.843","teal"
"ai.talkpal","69","81","206","235","0.665","0.808","blue"
"ai.praktika.android","147","89","255","261","0.651","1.000","purple"
"us.nobarriers.elsa","241","248","245","154","0.028","0.973","white"
"org.khankids.android","47","169","140","166","0.722","0.663","teal"
"com.codeway.aitutor","106","162","214","209","0.505","0.839","blue"
"com.ewa.ewaapp","225","165","120","26","0.467","0.882","orange"
"air.com.rosettastone.mobile.CoursePlayer","216","211","139","56","0.356","0.847","yellow"
"photo.editor.photoeditor.photoeditorpro","248","118","127","356","0.524","0.973","red"
"com.picsart.studio","134","116","216","251","0.463","0.847","blue"
"photo.editor.photoeditor.filtersforpictures","84","77","83","309","0.083","0.329","gray"
"photoeditor.layout.collagemaker","155","167","166","175","0.072","0.655","gray"
"com.photoroom.app","120","98","230","250","0.574","0.902","blue"
"photocollage.photoeditor.collagemaker","146","157","245","233","0.404","0.961","blue"
"com.canva.editor","61","138","222","211","0.725","0.871","blue"
"com.camerasideas.instashot","255","110","126","353","0.569","1.000","red"
"com.niksoftware.snapseed","206","240","214","134","0.142","0.941","white"
"com.adobe.lrmobile","16","58","90","206","0.822","0.353","blue"
"com.magicv.airbrush","255","148","120","12","0.529","1.000","red"
"com.iudesk.android.photo.editor","72","168","245","207","0.706","0.961","blue"
"com.cardinalblue.piccollage.google","205","154","157","356","0.249","0.804","red"
"com.vsco.cam","231","231","231","0","0.000","0.906","white"
"vsin.t16_funny_photo","138","134","129","33","0.065","0.541","gray"
"com.kvadgroup.photostudio","220","209","206","13","0.064","0.863","white"
"io.faceapp","210","180","205","310","0.143","0.824","white"
"com.pixlr.express","49","44","67","253","0.343","0.263","blue"
"com.bigwinepot.nwdn.international","179","64","68","358","0.642","0.702","red"
"com.adobe.spark.post","33","29","45","255","0.356","0.176","dark"
"com.cyberlink.youperfect","181","105","229","277","0.541","0.898","purple"
"com.google.android.apps.photos","236","234","227","47","0.038","0.925","white"
"com.mt.mtxx.mtxx","244","78","111","348","0.680","0.957","red"
"com.linecorp.b612.android","116","194","195","181","0.405","0.765","teal"
"com.buzzfeed.tasty","175","181","173","105","0.044","0.710","gray"
"com.tudorspan.recipekeeper","220","106","52","19","0.764","0.863","orange"
"com.recime.app","133","165","164","178","0.194","0.647","teal"
"com.mufumbo.android.recipe.search","233","187","141","30","0.395","0.914","orange"
"fr.recettetek","202","99","188","308","0.510","0.792","pink"
"com.sidechef.sidechef","22","79","92","191","0.761","0.361","teal"
"com.supercook.app","242","235","226","34","0.066","0.949","white"
"com.foodient.whisk","255","173","42","37","0.835","1.000","orange"
"com.cookbook.cbapp","255","117","98","7","0.616","1.000","red"
"com.hindsightlabs.paprika.android.v3","194","132","113","14","0.418","0.761","red"
"com.cooklist.android","54","229","185","165","0.764","0.898","green"
"com.hellofresh.androidapp","45","143","99","153","0.685","0.561","green"
"com.mealime","146","218","99","96","0.546","0.855","green"
"com.studio42.dashi","236","217","171","42","0.275","0.925","orange"
"kitchen.clove.app","45","87","59","140","0.483","0.341","green"
"com.cookpad.android.activities","233","187","141","30","0.395","0.914","orange"
"app.bergamot.android","92","175","149","161","0.474","0.686","green"
"com.streamline.justtherecipe","243","83","103","353","0.658","0.953","red"
"com.recipeapp.ai","73","180","112","142","0.594","0.706","green"
"com.appricott.recipeai","238","228","219","28","0.080","0.933","white"
"com.kneadytechnologies.kneady","253","218","55","49","0.783","0.992","yellow"
"com.stashbox.stashcook","237","68","81","355","0.713","0.929","red"
"com.everyplate.android","255","114","79","12","0.690","1.000","red"
"com.cadsysmec.aimealplanner","150","174","74","74","0.575","0.682","green"
"com.bosc.cooksmart","225","194","179","20","0.204","0.882","orange"
"app.umami.umami","255","83","26","15","0.898","1.000","red"
"co.peppertheapp.android","255","119","110","4","0.569","1.000","red"
"com.organizeat.android","237","139","92","19","0.612","0.929","orange"
"com.ckbk.app","251","119","60","19","0.761","0.984","orange"
"com.matt8p.sipstation","85","80","78","17","0.082","0.333","gray"
"com.podcast.podcasts","158","89","248","266","0.641","0.973","purple"
"fm.castbox.audiobook.radio.podcast","255","122","58","19","0.773","1.000","orange"
"de.danoeh.antennapod","75","163","243","209","0.691","0.953","blue"
"au.com.shiftyjelly.pocketcasts","246","96","90","2","0.634","0.965","red"
"com.bambuna.podcastaddict","245","156","99","23","0.596","0.961","orange"
"com.podbean.app.podcast","69","76","56","81","0.263","0.298","green"
"fm.player","217","81","101","351","0.627","0.851","red"
"com.spotify.music","22","83","44","142","0.735","0.325","green"
"com.itunestoppodcastplayer.app","124","157","228","221","0.456","0.894","blue"
"com.reallybadapps.podcastguru","227","225","220","43","0.031","0.890","white"
"com.radioplayer.mobile","189","32","93","337","0.831","0.741","pink"
"com.goodsearch.goodpods","234","206","19","52","0.919","0.918","yellow"
"com.podkicker","57","35","5","35","0.912","0.224","orange"
"com.podimo","152","116","250","256","0.536","0.980","blue"
"com.audible.application","253","168","65","33","0.743","0.992","orange"
"ai.topicfinder.podcastdiscovery","22","57","89","209","0.753","0.349","blue"
"com.bluckapps.turtlecast","100","67","153","263","0.562","0.600","purple"
"fm.fountain.apps","38","26","4","39","0.895","0.149","dark"
"com.microsoft.office.onenote","230","190","241","287","0.212","0.945","purple"
"notion.id","186","186","186","0","0.000","0.729","gray"
"com.fluidtouch.noteshelf3","192","144","117","22","0.391","0.753","orange"
"com.google.android.keep","255","242","205","44","0.196","1.000","orange"
"ai.note.notepad.memo.journal.freenote","32","32","32","0","0.000","0.125","dark"
"com.jideos.jnotes.overseas.google","240","201","1","50","0.996","0.941","yellow"
"easynotes.notes.notepad.notebook.privatenotes.note","128","173","228","213","0.439","0.894","blue"
"com.onyx.galaxy.global.note","226","233","237","202","0.046","0.929","white"
"com.myscript.nebo","210","233","246","202","0.146","0.965","white"
"com.yygg.note.app","26","139","255","210","0.898","1.000","blue"
"mindnotes.note.notepad.notebook.memo.stickynotes","164","182","221","221","0.258","0.867","blue"
"com.zoho.notebook","235","231","226","33","0.038","0.922","white"
"com.samsung.android.app.notes","244","99","99","0","0.594","0.957","red"
"com.steadfastinnovation.android.projectpapyrus","21","165","194","190","0.892","0.761","teal"
"com.goodnotes.android.app","225","238","241","191","0.066","0.945","white"
"com.codespaceapps.meetingtranscriber","71","75","121","235","0.413","0.475","blue"
"notes.notepad.checklist.calendar.todolist.notebook","244","234","186","50","0.238","0.957","yellow"
"com.atomczak.notepat","229","222","175","52","0.236","0.898","yellow"
"com.google.android.apps.labs.language.tailwind","194","194","194","0","0.000","0.761","gray"
"com.aisense.otter","219","237","255","210","0.141","1.000","white"
"com.topstack.kilonotes.pad","204","139","218","289","0.362","0.855","purple"
"md.obsidian","82","70","106","260","0.340","0.416","purple"
"com.transsion.notebook","251","202","79","43","0.685","0.984","orange"
"com.google.android.apps.tasks","187","213","255","217","0.267","1.000","blue"
"com.microsoft.todos","228","240","251","209","0.092","0.984","white"
"com.tasks.android","150","122","139","324","0.187","0.588","pink"
"com.todoist","222","87","73","6","0.671","0.871","red"
"todolist.scheduleplanner.dailyplanner.todo.reminders","236","233","250","251","0.068","0.980","white"
"com.splendapps.splendo","20","103","157","204","0.873","0.616","blue"
"com.anydo","70","161","255","210","0.725","1.000","blue"
"todo.list.tasks.planner.calendar.reminder","154","165","230","231","0.330","0.902","blue"
"com.google.android.calendar","193","217","255","217","0.243","1.000","blue"
"com.superelement.pomodoro","255","73","81","357","0.714","1.000","red"
"app.dailychecklist","206","206","206","0","0.000","0.808","white"
"com.planner.journal","232","201","183","22","0.211","0.910","orange"
"com.roubit","252","232","228","10","0.095","0.988","white"
"com.trello","78","136","231","217","0.662","0.906","blue"
"com.mdev.tododo","163","158","145","43","0.110","0.639","gray"
"net.sarasarasa.lifeup","42","179","241","199","0.826","0.945","teal"
"com.to_do_list_studio.uptodo","241","244","250","220","0.036","0.980","white"
"com.chorefocus.app","135","186","214","201","0.369","0.839","blue"
"com.fenchtose.reflog","233","242","255","215","0.086","1.000","white"
"com.tiimo.androidappreactnative","225","215","244","261","0.119","0.957","white"
"ai.x.grok","33","33","33","0","0.000","0.129","dark"
"com.openai.chatgpt","204","204","204","0","0.000","0.800","gray"
"com.google.android.apps.bard","224","232","237","203","0.055","0.929","white"
"ai.perplexity.app.android","60","60","59","60","0.017","0.235","gray"
"ai.chat.gpt.bot","57","57","57","0","0.000","0.224","gray"
"com.deepseek.chat","216","223","255","229","0.153","1.000","white"
"com.wachanga.superchat","202","202","202","0","0.000","0.792","gray"
"com.microsoft.copilot","226","213","210","11","0.071","0.886","white"
"ai.character.app","19","19","19","0","0.000","0.075","dark"
"ai.socialapps.speakmaster","36","35","49","244","0.286","0.192","dark"
"com.Beauchamp.Messenger.external","63","64","65","210","0.031","0.255","gray"
"com.foyer.merlin","210","203","229","256","0.114","0.898","white"
"com.google.android.apps.googleassistant","236","237","241","228","0.021","0.945","white"
"com.scaleup.chatai","37","37","37","0","0.000","0.145","dark"
"co.thewordlab.luzia","201","182","172","21","0.144","0.788","gray"
"com.poe.android","46","42","50","270","0.160","0.196","dark"
"ai.app.ai","53","53","53","0","0.000","0.208","dark"
"com.weaver.app.prod","49","46","41","37","0.163","0.192","dark"
"com.jetkite.gemmy","40","38","69","244","0.449","0.271","blue"
"com.codeway.chatapp","42","132","109","165","0.682","0.518","green"
"com.codespaceapps.aichat","41","41","41","0","0.000","0.161","dark"
"com.facebook.stella","238","219","255","272","0.141","1.000","white"
"com.vyroai.aiart","99","75","143","261","0.476","0.561","purple"
"ai.aiart.aiartgenerator.creart","127","107","120","321","0.157","0.498","gray"
"ai.leonardo.leonardo","31","27","66","246","0.591","0.259","blue"
"com.yes366.etm","168","131","118","16","0.298","0.659","orange"
"com.superapplabs.aura","145","115","88","28","0.393","0.569","orange"
"co.appnation.artgenerator","48","33","81","259","0.593","0.318","blue"
"kling.ai.video.chat","21","21","21","0","0.000","0.082","dark"
"com.everimaging.goart","18","31","22","138","0.419","0.122","dark"
"com.womboai.wombodream","149","130","139","332","0.128","0.584","gray"
"com.starryai","239","232","234","343","0.029","0.937","white"
"com.adobe.firefly","239","57","43","4","0.820","0.937","red"
"com.cyberlink.vividai","64","40","153","253","0.739","0.600","blue"
"com.tesseractmobile.aiart","80","83","82","160","0.036","0.325","gray"
"ai.generated.art.maker.image.picture.photo.generator.painting","65","64","67","260","0.045","0.263","gray"
"ai.hailuo.video","242","210","226","330","0.132","0.949","white"
"com.codeway.wonder","158","209","249","206","0.365","0.976","blue"
"com.fourksoft.genzart","33","90","99","188","0.667","0.388","teal"
"com.gencraftandroid","79","43","92","284","0.533","0.361","purple"
"ai.seaart.app.global","173","211","232","201","0.254","0.910","blue"
"com.aimage","128","85","122","308","0.336","0.502","pink"
"com.catchmobile.lume.android","106","93","144","255","0.354","0.565","blue"
"com.ai.polyverse.spell.pro","14","76","54","159","0.816","0.298","green"
"version.ai.photo.generator","201","85","139","332","0.577","0.788","pink"
"com.scaleup.dreame","19","16","31","252","0.484","0.122","dark"
"com.dreamapp.dubhe","108","229","173","152","0.528","0.898","green"
"app.invoice_maker","146","130","180","259","0.278","0.706","blue"
"com.aadhk.woinvoice","241","192","178","13","0.261","0.945","red"
"invoice.invoicemaker.estimatemaker.billingapp","151","156","148","98","0.051","0.612","gray"
"io.labhouse.invoicesapp","102","140","229","222","0.555","0.898","blue"
"app.smart_quote_maker","43","121","121","180","0.645","0.475","teal"
"bookipi.invoice.maker.estimate.billing","209","223","249","219","0.161","0.976","white"
"com.invoicehome.invoicehome","227","204","123","47","0.458","0.890","yellow"
"invoice.invoicemaker.simple","161","196","219","204","0.265","0.859","blue"
"com.zoho.invoicegenerator","232","242","255","214","0.090","1.000","white"
"com.squareup.invoicesapp","125","148","212","224","0.410","0.831","blue"
"com.invoiceapp","102","174","228","206","0.553","0.894","blue"
"com.rapidbooksapp.invoice","78","174","150","165","0.552","0.682","teal"
"com.solid.invoice","169","207","189","152","0.184","0.812","green"
"com.zoho.invoice","51","135","255","215","0.800","1.000","blue"
"de.minirechnung","100","112","233","235","0.571","0.914","blue"
"com.squareup","98","98","98","0","0.000","0.384","gray"
"au.com.speedinvoice.android","230","231","232","210","0.009","0.910","white"
"pw.ninthfi.myincome","201","213","249","225","0.193","0.976","blue"
"com.ktwapps.walletmanager","185","180","74","57","0.600","0.725","yellow"
"ru.innim.my_finance","93","143","75","104","0.476","0.561","green"
"app.monee","232","224","236","280","0.051","0.925","white"
"expense.tracker.income.receipt.budget","214","205","200","21","0.065","0.839","white"
"com.jtnrdev.expensetrackerapp","97","155","244","216","0.602","0.957","blue"
"com.finance.expanager","36","26","19","25","0.472","0.141","dark"
"dev.hemanths.paisa","232","218","201","33","0.134","0.910","white"
"com.colpit.diamondcoming.isavemoneygo","230","144","110","17","0.522","0.902","orange"
"com.zotiger.accountbook","238","229","232","340","0.038","0.933","white"
"com.finart","74","85","111","222","0.333","0.435","blue"
"com.raha.app.mymoney.pro","164","206","210","185","0.219","0.824","teal"
"com.colpit.diamondcoming.isavemoney","167","182","173","144","0.082","0.714","gray"
"com.amitm29.am.dailyexpensesmanager","110","110","110","0","0.000","0.431","gray"
"com.easyexpense","248","212","127","42","0.488","0.973","orange"
"com.komorebi.kakeibo","255","223","190","30","0.255","1.000","orange"
"com.helferleinsoftware.expenses","75","119","204","220","0.632","0.800","blue"
"com.Splitwise.SplitwiseMobile","117","159","152","170","0.264","0.624","teal"
"sleeptrakcer.sleeprecorder.sleepapp.sleep","77","129","224","219","0.656","0.878","blue"
"com.northcube.sleepcycle","255","155","52","30","0.796","1.000","orange"
"com.sleepmonitor.aio","94","100","149","233","0.369","0.584","blue"
"com.apirox.sleeprecorder","74","140","201","209","0.632","0.788","blue"
"health.sleep.sounds.tracker.alarm.calm","16","87","166","212","0.904","0.651","blue"
"ipnossoft.rma.free","80","120","142","201","0.437","0.557","blue"
"com.sleep.sleeptracker.sleepsounds.sleepcycle","94","90","114","250","0.211","0.447","blue"
"com.urbandroid.sleep","200","226","222","171","0.115","0.886","white"
"com.google.android.apps.fitness","197","204","194","102","0.049","0.800","gray"
"com.sec.android.app.shealth","81","204","180","168","0.603","0.800","teal"
"jp.pokemon.pokemonsleep","166","214","174","130","0.224","0.839","green"
"com.visionwizard.sleeptrack","74","85","127","228","0.417","0.498","blue"
"droom.sleepIfUCan","242","201","204","356","0.169","0.949","white"
"br.com.nonaai","251","171","172","359","0.319","0.984","red"
"com.snorelab.app","46","97","153","211","0.699","0.600","blue"
"com.fullpower.applications.horizon","43","50","54","202","0.204","0.212","dark"
"easy.sleep.tracker2","84","100","180","230","0.533","0.706","blue"
"com.sleeptracker.report.sleep","96","96","175","240","0.451","0.686","blue"
"com.risesci.nyx","137","84","186","271","0.548","0.729","purple"
"com.huckleberry_labs.app","218","241","231","154","0.095","0.945","white"
"com.slumberaid.snoretracker","15","39","96","222","0.844","0.376","blue"
"com.hatchbaby.rest","94","117","159","219","0.409","0.624","blue"
"com.ouraring.oura","43","42","44","270","0.045","0.173","dark"
"io.bodymatter.sleepwatch.android","45","61","83","215","0.458","0.325","blue"
"com.nukkuaa.app","90","73","84","321","0.189","0.353","pink"
"com.asleep.tracker.android","46","88","168","219","0.726","0.659","blue"
"com.samsung.android.wear.shealth","81","205","180","168","0.605","0.804","teal"
"com.dream.sleep","79","111","122","195","0.352","0.478","teal"
"mydiary.journal.diary.diarywithlock.diaryjournal.secretdiary","194","178","233","257","0.236","0.914","blue"
"com.journey.app","61","213","241","189","0.747","0.945","teal"
"com.dayoneapp.dayone","122","210","255","200","0.522","1.000","blue"
"diary.journal.lock.mood.daily","195","175","184","333","0.103","0.765","gray"
"com.daily.journal.diary.lock.mood.tracker.free","234","185","203","338","0.209","0.918","pink"
"com.lp.diary.time.lock","245","248","246","140","0.012","0.973","white"
"com.pixelcrater.Diaro","138","191","255","213","0.459","1.000","blue"
"journal.notes.planner.starnest","189","153","162","345","0.190","0.741","red"
"com.bigheadtechies.diary","91","178","96","123","0.489","0.698","green"
"net.daylio","198","234","213","145","0.154","0.918","white"
"com.google.android.apps.pixel.aurelius","204","221","255","220","0.200","1.000","blue"
"com.andrushka.ecliso","230","230","230","0","0.000","0.902","white"
"mydiary.diary.journal.lock.mood.tracker.free.secret","191","126","157","331","0.340","0.749","pink"
"partl.Diarium","115","139","248","229","0.536","0.973","blue"
"it.carrystudios.personal_diary","200","211","211","180","0.052","0.827","white"
"com.crimson.daydew","230","226","227","345","0.017","0.902","white"
"co.justimagine.rosebud","232","64","129","337","0.724","0.910","pink"
"com.tc.writestory","248","234","231","11","0.069","0.973","white"
"com.komorebi.diary","236","244","244","180","0.033","0.957","white"
"journal.diary.gratitude.mindfulness.selfcare.mental.health","71","89","255","234","0.722","1.000","blue"
"com.writeway.app","243","243","243","0","0.000","0.953","white"
"com.lifenote.app","183","171","142","42","0.224","0.718","orange"
"fi.magille.simplejournal","41","37","35","20","0.146","0.161","dark"
"com.pulk.TalkMyself","230","211","181","37","0.213","0.902","orange"
"org.de_studio.diary","192","180","221","258","0.186","0.867","blue"
"com.northstar.gratitude","240","193","197","355","0.196","0.941","red"
"com.diffathy.bbapp","249","249","249","0","0.000","0.976","white"
"com.dailylife.communication","255","215","217","357","0.157","1.000","white"
"com.picdiary.app","192","202","211","208","0.090","0.827","white"
"app.vinztech.diaryit","68","133","248","218","0.726","0.973","blue"
"com.quizlet.quizletandroid","112","126","255","234","0.561","1.000","blue"
"com.brainscape.mobile.portal","195","201","203","195","0.039","0.796","gray"
"com.vedasapps.flashcards","181","217","254","210","0.287","0.996","blue"
"com.alpaca.flashcardsmaker","249","142","136","3","0.454","0.976","red"
"com.studysmarter","53","83","235","230","0.774","0.922","blue"
"flashcards.words.words","108","183","242","206","0.554","0.949","blue"
"de.knowunity.app","108","141","229","224","0.528","0.898","blue"
"flashcards.study.tool","124","199","255","206","0.514","1.000","blue"
"com.repetico.cards","73","164","140","164","0.555","0.643","green"
"ai.saveall.app","174","141","233","262","0.395","0.914","purple"
"com.lexilize.fc","185","136","158","333","0.265","0.725","pink"
"ai.flashka.android.dev","196","187","184","15","0.061","0.769","gray"
"com.knowt.app","100","197","185","173","0.492","0.773","teal"
"com.ankiapp.client","250","199","172","21","0.312","0.980","orange"
"dev.skstudios.flippables","236","218","195","34","0.174","0.925","white"
"com.getmemora.ai","121","116","251","242","0.538","0.984","blue"
"com.quizgecko","164","235","94","90","0.600","0.922","green"
"focustree.app","233","210","176","36","0.245","0.914","orange"
"ru.mobsolutions.memoword","108","139","147","192","0.265","0.576","teal"
"com.duocards.app","244","212","183","29","0.250","0.957","orange"
"com.voovo.app","64","106","118","193","0.458","0.463","teal"
"com.remnote.v2","202","210","253","231","0.202","0.992","blue"
"vn.edu.anki.flashcard","205","232","225","164","0.116","0.910","white"
"com.skc.english.learning.flashcards.for.kids","113","181","221","202","0.489","0.867","blue"
"app.myflashcards.myflashcards","157","177","168","153","0.113","0.694","gray"
"com.flutterflow.kards","54","43","40","13","0.259","0.212","dark"
"com.floor57.leitnerbox","198","217","233","207","0.150","0.914","white"
"ai.studley.app","251","102","61","13","0.757","0.984","red"
"com.world.knowlet","231","234","237","210","0.025","0.929","white"
"meal.planner","213","218","212","110","0.028","0.855","white"
"com.plantoeat.mobile","172","201","199","176","0.144","0.788","gray"
"com.yinqs.weeklymealplanner","243","237","180","54","0.259","0.953","yellow"
"com.eatthismuch","232","137","110","13","0.526","0.910","red"
"com.jwantplan.mealplanner","225","219","216","20","0.040","0.882","white"
"com.nibbleapps.meal_prep_pro","247","151","77","26","0.688","0.969","orange"
"com.zils.weeklymenu","241","214","114","47","0.527","0.945","yellow"
"com.oneabsolute.mealplanner","203","76","142","329","0.626","0.796","pink"
"com.emeals","174","220","114","86","0.482","0.863","green"
"com.meal.prep.planner","140","186","142","123","0.247","0.729","green"
"com.planned.app","51","94","75","153","0.457","0.369","green"
"com.eatr.eatr","173","231","82","83","0.645","0.906","green"
"de.feastr.plan","80","197","147","154","0.594","0.773","green"
"com.confabulation.ollie","252","122","80","15","0.683","0.988","red"
"com.nutrimode","247","248","248","180","0.004","0.973","white"
"com.mealark.app","96","196","189","176","0.510","0.769","teal"
"net.futasaji.meal","246","244","244","0","0.008","0.965","white"
"com.foodieprep.app","238","234","227","38","0.046","0.933","white"
"com.raressoponar.cookingorg","55","99","65","134","0.444","0.388","green"
"com.menuPlanner.app","250","231","218","24","0.128","0.980","white"
"com.littlelunchess.android","208","230","232","185","0.103","0.910","white"
"com.martincarska.mealplanner","120","84","60","24","0.500","0.471","orange"
"com.kptncook.app.kptncook","246","120","98","9","0.602","0.965","red"
"com.fitness22.running","47","68","54","140","0.309","0.267","green"
"com.mapmyrun.android2","46","175","238","200","0.807","0.933","teal"
"com.strava","253","119","55","19","0.783","0.992","orange"
"running.tracker.gps.map","190","87","103","351","0.542","0.745","red"
"com.runtastic.android","124","226","126","121","0.451","0.886","green"
"com.fitnesskeeper.runkeeper.pro","77","210","221","185","0.652","0.867","teal"
"com.zeopoxa.fitness.running","66","162","239","207","0.724","0.937","blue"
"com.nike.plusgps","38","39","36","80","0.077","0.153","dark"
"com.alltrails.alltrails","32","72","19","105","0.736","0.282","green"
"com.underthing.focus.friend","190","157","147","14","0.226","0.745","red"
"com.cetinkaya.time_balance","0","52","72","197","1.000","0.282","teal"
"com.enfpdev.pomocat","233","209","93","50","0.601","0.914","yellow"
"com.engross","55","178","193","187","0.715","0.757","teal"
"com.pomodrone.app","250","223","220","6","0.120","0.980","white"
"org.nsh07.pomodoro","228","188","173","16","0.241","0.894","orange"
"co.zeitic.focusmeter","193","214","202","146","0.098","0.839","white"
"com.ferdinandobermeier.focusmate","255","98","15","21","0.941","1.000","orange"
"kr.co.rinasoft.yktime","159","114","191","275","0.403","0.749","purple"
"com.apps.adrcotfas.goodtime","25","30","29","168","0.167","0.118","dark"
"com.inspectorstudios.focusgrovepomodorotimer","30","82","38","129","0.634","0.322","green"
"com.kyupid.pommmo","238","190","157","24","0.340","0.933","orange"
"app.pomidor.project","216","216","215","60","0.005","0.847","white"
"com.daarbit.nodistractions","103","95","103","300","0.078","0.404","gray"
"com.shikudo.focus.google","173","216","203","162","0.199","0.847","green"
"com.mgsoft.myfocusflow","218","221","239","231","0.088","0.937","white"
"milki.focus.timer","128","133","142","219","0.099","0.557","gray"
"io.limeware.pomotimer","43","26","36","325","0.395","0.169","dark"
"net.devfloor.pomodor","130","131","144","236","0.097","0.565","gray"
"com.zetabitapps.pomodoro","242","169","146","14","0.397","0.949","red"
"ai.regainapp","42","84","24","102","0.714","0.329","green"
"com.shikudo.focus.study.forest.pomodoro.productivity.hero.rpg.android","166","202","191","162","0.178","0.792","gray"
"com.padoski.Lilo","217","108","131","347","0.502","0.851","red"
"com.workbreaktimer","171","185","176","141","0.076","0.725","gray"
"io.github.indieappslab.pomodoro","242","206","197","12","0.186","0.949","red"
"com.donutdog","176","212","216","186","0.185","0.847","teal"
"com.flowstack","222","222","222","0","0.000","0.871","white"
"icv.resume.curriculumvitae","193","139","167","329","0.280","0.757","pink"
"com.resume.builder.resumecom","55","55","55","0","0.000","0.216","dark"
"sampson.cvbuilder","47","100","107","187","0.561","0.420","teal"
"app.uncaughtexception.snapresume2","40","123","223","213","0.821","0.875","blue"
"com.resume.builder.cv.maker.create.resume","100","163","255","216","0.608","1.000","blue"
"com.kickresume","255","123","119","2","0.533","1.000","red"
"com.bold.mpr","73","82","126","230","0.421","0.494","blue"
"com.mobotechnology.cvmaker","156","165","153","105","0.073","0.647","gray"
"com.tapuniverse.resumebuilder","188","216","145","84","0.329","0.847","green"
"com.duckresume.cvmaker","155","168","183","212","0.153","0.718","gray"
"com.evoglobal.resumecv","176","130","203","278","0.360","0.796","purple"
"com.webuildcv.ai.resume.builder.cv.maker","174","149","179","290","0.168","0.702","gray"
"com.resumory","252","152","54","30","0.786","0.988","orange"
"europasscvmake.app.dev","107","68","161","265","0.578","0.631","purple"
"com.resume.maker.digital","167","129","243","260","0.469","0.953","purple"
"com.predictapps.resumepremium.cvpro.cvmaker","71","87","90","189","0.211","0.353","teal"
"com.resumebuilder.makercv","133","143","183","228","0.273","0.718","blue"
"ai.resume.builder","51","80","100","204","0.490","0.392","blue"
"com.pixsterstudio.resumebuilder","173","162","161","5","0.069","0.678","gray"
"com.predictapps.resumebuilder.cvresumemaker","66","77","91","214","0.275","0.357","blue"
"com.gotresumebuilder.android","199","208","228","221","0.127","0.894","white"
"resji.resume.website.maker.link.builder","66","63","54","45","0.182","0.259","orange"
"resumebuilder.careers","149","70","98","339","0.530","0.584","pink"
"com.wloo.airesume","81","177","249","206","0.675","0.976","blue"
"com.softcraze.resumaker","39","49","73","222","0.466","0.286","blue"
"com.qrayon.resumestar","171","58","57","1","0.667","0.671","red"
"com.desygner.resumes","121","109","231","246","0.528","0.906","blue"
"com.uptech.resumeCoverAppUp","91","148","247","218","0.632","0.969","blue"
"com.mpcvuk","224","91","98","357","0.594","0.878","red"
"tools.cvmaker","199","136","218","286","0.376","0.855","purple"
"com.camerasideas.trimmer","202","202","202","0","0.000","0.792","gray"
"videoeditor.videomaker.videoeditorforyoutube","106","71","64","10","0.396","0.416","red"
"com.lemon.lvoverseas","197","197","197","0","0.000","0.773","gray"
"com.frontrow.vlog","229","229","229","0","0.000","0.898","white"
"com.cyberlink.powerdirector.DRA140225_01","53","58","162","237","0.673","0.635","blue"
"com.nexstreaming.app.kinemasterfree","254","144","142","1","0.441","0.996","red"
"glitchvideoeditor.videoeffects.glitchvideoeffect","93","35","69","325","0.624","0.365","pink"
"com.xvideostudio.videoeditor","253","118","86","11","0.660","0.992","red"
"com.instagram.basel","32","16","22","338","0.500","0.125","dark"
"com.quvideo.xiaoying","255","128","66","20","0.741","1.000","orange"
"com.google.android.apps.youtube.producer","244","159","159","0","0.348","0.957","red"
"com.xvideostudio.videoeditorpro","253","127","85","15","0.664","0.992","orange"
"com.lightricks.videoleap","88","52","55","355","0.409","0.345","red"
"videoeditor.videorecorder.screenrecorder","255","133","64","22","0.749","1.000","orange"
"com.gopro.smarty","41","41","41","0","0.000","0.161","dark"
"com.meitu.wink","44","44","44","0","0.000","0.173","dark"
"com.snowcorp.vita","37","37","37","0","0.000","0.145","dark"
"com.kwai.editor","43","17","18","358","0.605","0.169","dark"
"com.wondershare.filmorago","47","81","97","199","0.515","0.380","teal"
"com.videoeditorpro.android","75","67","109","251","0.385","0.427","blue"
"com.luma_touch.lumafusion","24","83","95","190","0.747","0.373","teal"
"com.btcc.hy","79","132","255","222","0.690","1.000","blue"
"com.wallet.crypto.trustapp","160","181","251","226","0.363","0.984","blue"
"com.defi.wallet","200","204","222","229","0.099","0.871","white"
"co.mona.android","62","77","147","229","0.578","0.576","blue"
"com.coinbase.android","57","121","254","221","0.776","0.996","blue"
"io.metamask","114","49","80","331","0.570","0.447","pink"
"com.bitcoin.mwallet","255","163","49","33","0.808","1.000","orange"
"co.edgesecure.app","50","90","68","147","0.444","0.353","green"
"piuk.blockchain.android","223","46","85","347","0.794","0.875","red"
"exodusmovement.exodus","89","77","150","250","0.487","0.588","blue"
"io.safepal.wallet","98","76","241","248","0.685","0.945","blue"
"com.debank.rabbymobile","142","157","251","232","0.434","0.984","blue"
"com.paybis","32","32","32","0","0.000","0.125","dark"
"org.mytonwallet.app","58","168","253","206","0.771","0.992","blue"
"app.phantom","184","171","235","252","0.272","0.922","blue"
"com.btcc.BTCCReactNative","167","178","206","223","0.189","0.808","blue"
"com.okinc.okex.gp","54","54","54","0","0.000","0.212","dark"
"com.ncwallet","181","170","156","34","0.138","0.710","gray"
"com.blockabc.cctip","77","117","81","126","0.342","0.459","green"
"io.atomicwallet","36","61","101","217","0.644","0.396","blue"
"com.moonpay","177","110","254","268","0.567","0.996","purple"
"com.kraken.invest.app","152","97","248","262","0.609","0.973","purple"
"co.peeksoft.stocks","108","179","236","207","0.542","0.925","blue"
"com.fusionmedia.investing","64","59","46","43","0.281","0.251","orange"
"app.stockevents.android","56","213","164","161","0.737","0.835","green"
"com.acorns.android","115","202","136","134","0.431","0.792","green"
"com.yahoo.mobile.client.android.finance","135","89","230","260","0.613","0.902","blue"
"com.robinhood.android","185","229","2","72","0.991","0.898","green"
"com.tradingview.tradingviewapp","61","64","73","225","0.164","0.286","gray"
"com.getquin.app","15","15","15","0","0.000","0.059","dark"
"com.stockanalysis.app","99","143","221","218","0.552","0.867","blue"
"com.stock.widget","29","112","129","190","0.775","0.506","teal"
"com.fidelity.android","95","159","82","110","0.484","0.624","green"
"com.etoro.openbook","74","219","120","139","0.662","0.859","green"
"com.seekingalpha.webwrapper","246","140","72","23","0.707","0.965","orange"
"com.sharesight.app","248","178","168","7","0.323","0.973","red"
"com.simplywallst.app","197","182","149","41","0.244","0.773","orange"
"com.betterment","64","67","106","236","0.396","0.416","blue"
"com.nikitadev.stockspro","62","170","118","151","0.635","0.667","green"
"com.folionet.mobile.android.trader","201","212","247","226","0.186","0.969","blue"
"in.tickertape","86","93","100","210","0.140","0.392","gray"
"in.stockedge.app","63","85","125","219","0.496","0.490","blue"
"com.etrade.mobilepro.activity","206","209","243","235","0.152","0.953","white"
"com.plus500.futures","58","81","158","226","0.633","0.620","blue"
"com.bloomberg.android.plus","202","202","202","0","0.000","0.792","gray"
"com.vested.investing.android","32","67","103","210","0.689","0.404","blue"
"com.ainvest.android","54","116","255","221","0.788","1.000","blue"
"com.zerodha.kite3","251","201","191","10","0.239","0.984","red"
"com.moomoo.trade","241","140","77","23","0.680","0.945","orange"
"com.vectorvest.mango","64","74","102","224","0.373","0.400","blue"
"com.stash.stashinvest","14","29","36","199","0.611","0.141","dark"
"com.kismia.app","88","80","79","7","0.102","0.345","gray"
"com.tinder","215","74","70","2","0.674","0.843","red"
"com.match.android.matchmobile","52","66","180","233","0.711","0.706","blue"
"com.bumble.app","188","163","73","47","0.612","0.737","yellow"
"co.hinge.app","225","224","223","30","0.009","0.882","white"
"enterprises.dating.boo","163","222","219","177","0.266","0.871","teal"
"com.dating.chat.citas.app","46","20","35","325","0.565","0.180","dark"
"com.badoo.mobile","230","199","237","289","0.160","0.929","white"
"com.pof.android","226","142","122","12","0.460","0.886","red"
"com.okcupid.okcupid","201","44","173","311","0.781","0.788","pink"
"com.jaumo","255","157","111","19","0.565","1.000","orange"
"com.hily.app","137","111","217","255","0.488","0.851","blue"
"com.ftw_and_co.happn","89","88","85","45","0.045","0.349","gray"
"app.bumpy.android","114","189","219","197","0.479","0.859","teal"
"com.dating.android","249","225","234","338","0.096","0.976","white"
"co.feeld","94","90","194","242","0.536","0.761","blue"
"com.mason.wooplus","255","157","136","11","0.467","1.000","red"
"com.takimi.android","97","82","81","4","0.165","0.380","gray"
"ru.mamba.client","241","130","117","6","0.515","0.945","red"
"next.bondee.tech","118","56","225","262","0.751","0.882","purple"
"com.eharmony","81","148","114","150","0.453","0.580","green"
"sg.omi","55","210","143","154","0.738","0.824","green"
"com.tantantribe.tribe","241","149","113","17","0.531","0.945","orange"
"com.datemyage","245","121","206","319","0.506","0.961","pink"
"com.waplog.social","232","108","180","325","0.534","0.910","pink"
"com.affinityapps.chispa","213","109","115","357","0.488","0.835","red"
"com.getpure.pure","179","26","120","323","0.855","0.702","pink"
"dk.doubble.dating","244","198","252","291","0.214","0.988","pink"
"de.mobiletrend.lovidoo","255","123","130","357","0.518","1.000","red"
"com.thvine.nayo","63","47","53","338","0.254","0.247","pink"
"ru.ok.android","255","140","40","28","0.843","1.000","orange"
"com.instagram.barcelona","51","51","51","0","0.000","0.200","dark"
"com.facebook.orca","178","207","255","217","0.302","1.000","blue"
"com.instagram.android","244","89","147","338","0.635","0.957","pink"
"com.snapchat.android","230","228","60","59","0.739","0.902","yellow"
"com.vkontakte.android","39","141","255","212","0.847","1.000","blue"
"com.zhiliaoapp.musically","55","54","56","270","0.036","0.220","dark"
"org.telegram.messenger","168","217","242","200","0.306","0.949","blue"
"com.facebook.lite","205","224","255","217","0.196","1.000","blue"
"com.linkedin.android","73","141","210","210","0.652","0.824","blue"
"com.pinterest","249","185","195","351","0.257","0.976","red"
"xyz.blueskyweb.app","70","145","250","215","0.720","0.980","blue"
"com.reddit.frontpage","245","117","70","16","0.714","0.961","orange"
"com.twitter.android","28","28","28","0","0.000","0.110","dark"
"tv.twitch.android.app","133","82","208","264","0.606","0.816","purple"
"com.socialoc.app","140","185","228","209","0.386","0.894","blue"
"org.thoughtcrime.securesms","118","125","254","237","0.535","0.996","blue"
"jp.naver.line.android","90","204","124","138","0.559","0.800","green"
"in.mohalla.sharechat","227","200","163","35","0.282","0.890","orange"
"com.meetup","255","189","206","345","0.259","1.000","pink"
"me.zepeto.main","159","130","111","24","0.302","0.624","orange"
"com.mewe","18","26","24","165","0.308","0.102","dark"
"in.mohalla.video","209","146","32","39","0.847","0.820","orange"
"co.benx.weverse","46","45","72","242","0.375","0.282","blue"
"com.bereal.ft","52","54","57","216","0.088","0.224","gray"
"com.locals.localsapp","217","207","208","354","0.046","0.851","white"
"com.tencent.mm","70","222","143","149","0.685","0.871","green"
"co.vero.app","3","66","79","190","0.962","0.310","teal"
"com.adrienblc.habitstracker","78","75","71","34","0.090","0.306","gray"
"app.gainaura.habits","84","37","54","338","0.560","0.329","pink"
"com.focusstreak.app","116","115","192","241","0.401","0.753","blue"
"io.apparence.dailywin","118","104","64","44","0.458","0.463","orange"
"com.lawrencejr.habibee","55","55","57","240","0.035","0.224","gray"
"com.skillfoxapps.qhabit","196","201","205","207","0.044","0.804","white"
"co.thomasmenzel.proddy","164","142","225","256","0.369","0.882","blue"
"com.extendztech.streaks","88","101","66","82","0.347","0.396","green"
"com.zulkar.habitin","31","106","120","189","0.742","0.471","teal"
"com.gethabitbook.app","255","122","91","11","0.643","1.000","red"
"com.tools.habitloop.app","216","216","201","60","0.069","0.847","white"
"hr.streakly.app","115","190","254","208","0.547","0.996","blue"
"co.unstatic.habitify","216","228","248","217","0.129","0.973","white"
"in.garoono.habitide","198","216","246","218","0.195","0.965","blue"
"app.habittracker.appwise","25","63","64","182","0.609","0.251","teal"
"com.ahmaddioxide.salah_streak","57","132","61","123","0.568","0.518","green"
"com.habityou.planner.goals.journal.habittracker","205","211","205","120","0.028","0.827","white"
"com.metaserve.habithook","90","107","85","106","0.206","0.420","green"
"com.shellz.habitt","72","198","221","189","0.674","0.867","teal"
"de.moodpath.android","253","150","122","13","0.518","0.992","red"
"com.museLIVE.quabbleapp","228","223","208","45","0.088","0.894","white"
"com.gen.bettermeditation","55","65","88","222","0.375","0.345","blue"
"com.mentallabs.mentalhealth","235","216","122","50","0.481","0.922","yellow"
"com.cbt.mindhealthy","137","104","223","257","0.534","0.875","blue"
"com.voidpet","151","176","174","175","0.142","0.690","gray"
"com.getmental.mental","69","191","137","153","0.639","0.749","green"
"com.talkspace.talkspaceapp","166","201","202","182","0.178","0.792","gray"
"app.voicestories.android","118","110","159","250","0.308","0.624","blue"
"com.theinnerhour.b2b","232","139","111","14","0.522","0.910","red"
"xyz.slingshot.ashley.app","190","180","196","278","0.082","0.769","gray"
"com.mypossibleself.app","38","174","224","196","0.830","0.878","teal"
"bot.touchkin","210","217","198","82","0.088","0.851","white"
"com.tanosapps.meditanos","182","214","230","200","0.209","0.902","blue"
"uk.co.positiverewards.feelgood","142","223","201","164","0.363","0.875","green"
"com.cyrano.cyrano","165","104","211","274","0.507","0.827","purple"
"com.wave6.onsen","208","226","248","213","0.161","0.973","white"
"com.betterhelp","112","179","85","103","0.525","0.702","green"
"com.kooth.serenity","125","72","157","277","0.541","0.616","purple"
"com.jacksontempra.apps.whatsup","255","205","217","346","0.196","1.000","red"
"com.stoicroutine.stoic","242","242","242","0","0.000","0.949","white"
"com.careme","217","224","223","171","0.031","0.878","white"
"com.elomia.health","54","75","61","140","0.280","0.294","green"
"com.mental.future.meditation.cbt","90","142","132","168","0.366","0.557","teal"
"org.mindfultherapeutics.mirror","228","239","242","193","0.058","0.949","white"
"com.superbetter.paid","225","218","210","32","0.067","0.882","white"
"com.robleridge.Moodfit","177","211","249","212","0.289","0.976","blue"
"com.olearis.uplife","238","166","116","25","0.513","0.933","orange"
"com.fourtechnologies.mynetdiary.ad","88","204","101","127","0.569","0.800","green"
"com.myfitnesspal.android","17","112","239","214","0.929","0.937","blue"
"com.fitnow.loseit","251","151","31","33","0.876","0.984","orange"
"com.cronometer.android.gold","255","144","107","15","0.580","1.000","orange"
"com.nutritionix.nixtrack","217","236","195","88","0.174","0.925","white"
"com.viraldevelopment.calai","76","73","81","263","0.099","0.318","gray"
"com.yazio.android","114","197","196","179","0.421","0.773","teal"
"io.foodvisor.foodvisor","213","237","227","155","0.101","0.929","white"
"com.pookies.food.ai","139","138","146","248","0.055","0.573","gray"
"com.nutratech.app.android","109","190","207","190","0.473","0.812","teal"
"com.sillens.shapeupclub","120","199","85","102","0.573","0.780","green"
"calo.ai.calorie.counter.weight.loss.diet.nutrition.macro.tracker.fasting","93","184","61","104","0.668","0.722","green"
"com.journable.app","201","229","247","203","0.186","0.969","blue"
"com.nutrition.technologies.Fitia","255","204","38","46","0.851","1.000","yellow"
"com.sbs.diet","57","57","57","0","0.000","0.224","gray"
"com.josmantek.macros","255","143","133","5","0.478","1.000","red"
"com.wombatapps.carbmanager","223","233","218","100","0.064","0.914","white"
"com.wsl.noom","251","90","69","7","0.725","0.984","red"
"com.popularapp.periodcalendar","248","113","135","350","0.544","0.973","red"
"com.lbrc.PeriodCalendar","231","86","132","341","0.628","0.906","pink"
"org.iggymedia.periodtracker","241","133","158","346","0.448","0.945","red"
"com.period.tracker.lite","240","194","214","334","0.192","0.941","pink"
"periodtracker.pregnancy.ovulationtracker","226","116","158","337","0.487","0.886","pink"
"com.clue.android","252","233","232","3","0.079","0.988","white"
"com.stardust.app","37","31","87","246","0.644","0.341","blue"
"app.myperiod.android","238","208","191","22","0.197","0.933","orange"
"com.wachanga.womancalendar","251","228","234","344","0.092","0.984","white"
"com.musa.musa","110","96","140","259","0.314","0.549","blue"
"com.bearable","184","214","238","207","0.227","0.933","blue"
"com.brc.PeriodTrackerDiary","255","146","146","0","0.427","1.000","red"
"com.meetyou.intl","239","177","125","27","0.477","0.937","orange"
"com.ovuline.fertility","32","76","110","206","0.709","0.431","blue"
"com.smsrobot.period","229","179","224","306","0.218","0.898","pink"
"com.evolutus.luna","83","206","206","180","0.597","0.808","teal"
"com.clearblue.alaska","43","78","119","212","0.639","0.467","blue"
"org.pbskids.gamesapp","79","161","203","200","0.611","0.796","blue"
"com.rvappstudios.baby.toddler.kids.games.learning.activity","159","90","172","290","0.477","0.675","pink"
"com.aofl.abcmouse","214","192","95","49","0.556","0.839","yellow"
"com.rvappstudios.abc_kids_toddler_tracing_phonics","230","127","104","11","0.548","0.902","red"
"com.kidsworld.learn.music.play","235","225","213","33","0.094","0.922","white"
"com.duolingo.literacy","183","219","133","85","0.393","0.859","green"
"com.rvappstudios.math.kids.counting","155","115","29","41","0.813","0.608","orange"
"com.moonbug.ccml","125","187","135","130","0.332","0.733","green"
"gen.tech.keiki.world.learning","193","157","178","325","0.187","0.757","pink"
"com.rvappstudios.sight.words.phonics.reading.kids.games","154","129","149","312","0.162","0.604","gray"
"com.paperboatapps.google.kiddopia","167","163","175","260","0.069","0.686","gray"
"com.splash.kids.education.learning.games.free.multiplication.reading.math.grade.app.splashmath","84","124","177","214","0.525","0.694","blue"
"ru.publishing1c.fixies.eng","166","144","153","335","0.133","0.651","gray"
"com.kevinbradford.games.preschoolgames","164","168","173","213","0.052","0.678","gray"
"com.intellijoy.android.reading.free","145","171","72","76","0.579","0.671","green"
"com.google.android.apps.youtube.kids","238","178","190","348","0.252","0.933","red"
"com.logicappkids","126","107","215","251","0.502","0.843","blue"
"com.intellijoy.kids.math","146","182","75","80","0.588","0.714","green"
"com.orange.kidspiano.music.songs","126","165","120","112","0.273","0.647","green"
"com.learnwithhomer.webapp","129","138","92","72","0.333","0.541","green"
"com.educational.baby.games","171","176","108","64","0.386","0.690","yellow"
"com.rvappstudios.baby.games.piano.phone.kids","127","107","113","342","0.157","0.498","gray"
"ai.mybuddy.talkingflashcards_new","128","114","161","258","0.292","0.631","blue"
"com.rvappstudios.abc.spelling.toddler.spell.phonics","175","168","158","35","0.097","0.686","gray"
"com.rvappstudios.toddler.preschool.kids.learning.games","202","174","90","45","0.554","0.792","yellow"
"com.kids.preschool.learning.games","206","124","94","16","0.544","0.808","orange"
"com.sololearn","60","44","75","271","0.413","0.294","purple"
"com.getmimo","137","113","183","261","0.383","0.718","purple"
"com.freeit.java","79","63","99","267","0.364","0.388","purple"
"codingx.coding.programming.learn.learntocode.code.java.python.program.delevopment.it.apps.dev","46","47","83","238","0.446","0.325","blue"
"com.learnprogramming.codecamp","184","114","68","24","0.630","0.722","orange"
"com.learnyland.codeland","74","168","151","169","0.560","0.659","teal"
"com.enki.insights","44","47","69","233","0.362","0.271","blue"
"python.programming.coding.python3.development","160","77","62","9","0.612","0.627","red"
"cpp.programming","73","113","174","216","0.580","0.682","blue"
"com.didactoons.glitchhero","111","109","179","242","0.391","0.702","blue"
"com.septudio.pythoncoding","210","209","190","57","0.095","0.824","white"
"tech.coddy.coddyapp","68","168","214","199","0.682","0.839","teal"
"free.programming.programming","223","238","227","136","0.063","0.933","white"
"com.oxyteachapp","43","48","74","230","0.419","0.290","blue"
"com.python.coding.education","38","52","63","206","0.397","0.247","blue"
"com.upskew.encode","64","115","250","224","0.744","0.980","blue"
"com.hitechrush.codegym","249","188","155","21","0.378","0.976","orange"
"com.ryzac.codecademygo","48","54","75","227","0.360","0.294","blue"
"org.hyperskill.app.android","142","178","255","221","0.443","1.000","blue"
"org.codespark.thefoos","166","171","145","72","0.152","0.671","gray"
"codetoinvent.compiler_editor","14","25","43","217","0.674","0.169","dark"
"org.freecodecamp","34","34","57","240","0.404","0.224","blue"
"com.embarkx.python","27","69","90","200","0.700","0.353","blue"
"org.brilliant.android","76","106","79","126","0.283","0.416","green"
"python.learnpython.learn.pythonx.coding.programming.python3.tutorials.codingx","137","138","111","62","0.196","0.541","yellow"
"cpp.learncpp.learn.cppx.coding.cprogramming.cpp.tutorials.codingx","192","59","86","348","0.693","0.753","red"
"com.edokiacademy.babycoding","149","175","168","164","0.149","0.686","gray"
"com.rodocodo.codehour","222","165","173","352","0.257","0.871","red"
"com.programiz.learnc","172","214","255","210","0.325","1.000","blue"
"com.bandlab.bandlab","243","73","56","5","0.770","0.953","red"
"com.magix.android.mmjam","235","226","239","282","0.054","0.937","white"
"com.soundtrap.studioapp","80","35","167","260","0.790","0.655","purple"
"com.easybrain.make.music","88","60","125","266","0.520","0.490","purple"
"com.mixvibes.remixlive","81","74","78","326","0.086","0.318","gray"
"com.suno.android","255","110","51","17","0.800","1.000","orange"
"com.sofarsogood.incredibox","184","184","184","0","0.000","0.722","gray"
"com.sonivamusic.ai","151","99","111","346","0.344","0.592","red"
"com.ai.sound.donna","31","39","77","230","0.597","0.302","blue"
"com.ntrack.studio.demo","99","132","159","207","0.377","0.624","blue"
"com.imageline.FLM","115","101","85","32","0.261","0.451","orange"
"com.mi.ai.music","48","62","40","98","0.355","0.243","green"
"fm.anchor.android","69","68","110","241","0.382","0.431","blue"
"com.zona.aimusic","32","32","32","0","0.000","0.125","dark"
"com.singgenix.suno","15","15","15","0","0.000","0.059","dark"
"ai.moises","1","34","38","186","0.974","0.149","dark"
"com.jazarimusic.voloco","17","14","27","254","0.481","0.106","dark"
"ai.mureka.android","65","203","212","184","0.693","0.831","teal"
"com.komspek.battleme","93","80","41","45","0.559","0.365","yellow"
"com.tedrasoft.music.maker","106","74","109","295","0.321","0.427","pink"
"me.rapchat.rapchat","67","71","68","135","0.056","0.278","gray"
"com.mixvibes.crossdjapp","128","128","128","0","0.000","0.502","gray"
"co.twowise.jukebox","50","53","38","72","0.283","0.208","dark"
"audioeditor.musiceditor.soundeditor.songeditor","37","48","87","227","0.575","0.341","blue"
"com.tutteo.flat","61","127","242","218","0.748","0.949","blue"
"com.prodfire.ai.music.maker","32","70","34","123","0.543","0.275","green"
"com.hitrolab.audioeditor","252","128","118","4","0.532","0.988","red"
"com.song.ailab","24","31","68","230","0.647","0.267","blue"
"com.beatmaker.aimusic","11","24","12","125","0.542","0.094","dark"
"com.SemseWorld.musicLabe","64","65","73","233","0.123","0.286","gray"
"com.adobe.scan.android","36","156","185","192","0.805","0.725","teal"
"imagetopdf.pdfconverter.jpgtopdf.pdfeditor","231","45","46","360","0.805","0.906","red"
"com.intsig.camscanner","48","102","107","185","0.551","0.420","teal"
"com.camscanner.documentscanner.pdfscanner.textscanner.photos.scanner","184","72","78","357","0.609","0.722","red"
"com.thegrizzlylabs.geniusscan.free","255","132","50","24","0.804","1.000","orange"
"pdfscanner.scan.pdf.scanner.free","71","99","101","184","0.297","0.396","teal"
"pdf.tap.scanner","78","178","246","204","0.683","0.965","blue"
"com.adobe.reader","186","34","24","4","0.871","0.729","red"
"com.cv.docscanner","75","135","127","172","0.444","0.529","teal"
"com.simplescan.scanner","70","89","90","183","0.222","0.353","teal"
"com.bpmobile.iscanner.free","162","162","162","0","0.000","0.635","gray"
"cn.wps.moffice_eng","245","91","87","2","0.645","0.961","red"
"com.glority.everlens","114","143","205","221","0.444","0.804","blue"
"pdf.pdfreader.viewer.editor.free","248","119","119","0","0.520","0.973","red"
"com.indymobileapp.document.scanner","106","166","56","93","0.663","0.651","green"
"com.hp.printercontrol","38","100","223","220","0.830","0.875","blue"
"com.ilovepdf.www","236","230","230","0","0.025","0.925","white"
"plus.scan.android","143","162","173","202","0.173","0.678","gray"
"pdf.reader.pdfviewer.pdfeditor","240","121","121","0","0.496","0.941","red"
"com.xodo.pdf.reader","229","220","220","0","0.039","0.898","white"
"com.xstudios.fastscan","113","175","250","213","0.548","0.980","blue"
"com.google.android.apps.photos.scanner","186","215","245","211","0.241","0.961","blue"
"com.appxy.tinyscanner","73","94","114","209","0.360","0.447","blue"
"com.voyagerx.scanner","99","205","186","169","0.517","0.804","teal"
"com.coolmobilesolution.fastscannerfree","100","131","211","223","0.526","0.827","blue"
"alldocumentreader.office.viewer.filereader","145","147","149","210","0.027","0.584","gray"
"com.krishna.pdftools","239","156","156","0","0.347","0.937","red"
"com.intsig.cspdf","108","78","85","346","0.278","0.424","red"
"com.apps10x.scannerapp","112","119","174","233","0.356","0.682","blue"
"com.notebloc.app","71","156","168","187","0.577","0.659","teal"
"com.google.android.apps.credentialmanager","234","240","241","189","0.029","0.945","white"
"com.x8bit.bitwarden","71","125","223","219","0.682","0.875","blue"
"io.enpass.app","146","160","227","230","0.357","0.890","blue"
"com.onepassword.android","178","189","217","223","0.180","0.851","white"
"com.smart.safe.christianapps","93","179","246","206","0.622","0.965","blue"
"proton.android.pass","240","227","249","275","0.088","0.976","white"
"org.awallet.cloud","92","185","210","193","0.562","0.824","teal"
"com.er.mo.apps.mypasswords","59","115","197","216","0.701","0.773","blue"
"com.dashlane","59","95","102","190","0.422","0.400","teal"
"com.nordpass.android.app.password.manager","65","219","201","173","0.703","0.859","teal"
"com.reneph.passwordsafe","67","161","160","179","0.584","0.631","teal"
"com.safeincloud.free","234","178","111","33","0.526","0.918","orange"
"com.symantec.mobile.idsafe","220","204","40","55","0.818","0.863","yellow"
"com.stickypassword.android","219","224","223","168","0.022","0.878","white"
"keepass2android.keepass2android","170","187","125","76","0.332","0.733","green"
"com.siber.roboform","96","196","121","135","0.510","0.769","green"
"com.korovan.kpass","124","141","190","225","0.347","0.745","blue"
"com.gaurav.onekey","43","181","165","173","0.762","0.710","teal"
"com.kunzisoft.keepass.free","91","167","83","114","0.503","0.655","green"
"com.mseven.barolo","42","64","90","213","0.533","0.353","blue"
"mega.pwm.android.app","225","48","35","4","0.844","0.882","red"
"org.awallet.free","94","115","142","214","0.338","0.557","blue"
"com.safeincloud","199","140","141","359","0.296","0.780","red"
"com.twofasapp.pass","192","205","249","226","0.229","0.976","blue"
"com.iliumsoft.android.ewallet.rw","208","219","215","158","0.050","0.859","white"
"com.bitdefender.securepass","240","68","74","358","0.717","0.941","red"
"com.avast.passwordmanager","254","134","27","28","0.894","0.996","orange"
"com.passwordmanager.droidpass","53","139","127","172","0.619","0.545","teal"
"com.nordvpn.android","97","123","255","230","0.620","1.000","blue"
"com.avast.android.vpn","112","92","72","30","0.357","0.439","orange"
"ch.protonvpn.android","64","91","72","138","0.297","0.357","green"
"com.expressvpn.vpn","223","86","92","357","0.614","0.875","red"
"com.avg.android.vpn","102","106","114","220","0.105","0.447","gray"
"com.brave.browser","255","207","192","14","0.247","1.000","red"
"com.privateinternetaccess.android","224","240","223","116","0.071","0.941","white"
"io.privado.android","111","112","175","239","0.366","0.686","blue"
"com.ixolit.ipvanish","31","35","29","100","0.171","0.137","dark"
"com.surfshark.vpnclient.android","231","238","238","180","0.029","0.933","white"
"com.vpnproxy.connect","39","74","99","205","0.606","0.388","blue"
"mega.vpn.android.app","224","42","28","4","0.875","0.878","red"
"com.windscribe.vpn","49","59","73","215","0.329","0.286","blue"
"com.fast.free.unblock.thunder.vpn","33","179","198","187","0.833","0.776","teal"
"app.jumpjumpvpn.jumpjumpvpn","210","237","250","199","0.160","0.980","white"
"free.vpn.unblock.proxy.vpn.master.pro","34","193","164","169","0.824","0.757","teal"
"com.aloha.browser","134","199","198","179","0.327","0.780","teal"
"com.security.xvpn.z35kb","212","242","244","184","0.131","0.957","white"
"com.symantec.securewifi","227","211","41","55","0.819","0.890","yellow"
"com.freevpnplanet","189","190","200","235","0.055","0.784","gray"
"com.fast.free.unblock.secure.vpn","109","212","227","188","0.520","0.890","teal"
"com.psiphon3.subscription","239","115","65","17","0.728","0.937","orange"
"de.mobileconcepts.cyberghost","172","142","21","48","0.878","0.675","yellow"
"com.pandavpn.androidproxy","116","151","119","125","0.232","0.592","green"
"com.now.vpn","32","55","45","154","0.418","0.216","dark"
"com.zoogvpn.android","56","85","32","93","0.624","0.333","green"
"private.internet.access.vpn.lumos","26","101","148","203","0.824","0.580","blue"
"com.tunnelbear.android","211","181","87","45","0.588","0.827","yellow"
"com.adguard.vpn","217","219","216","100","0.014","0.859","white"
"io.speedtop.app","131","54","242","265","0.777","0.949","purple"
"com.weawow","161","219","251","201","0.359","0.984","blue"
"live.weather.vitality.studio.forecast.widget","123","107","111","345","0.130","0.482","gray"
"mobi.lockdown.weather","255","238","235","9","0.078","1.000","white"
"de.wetteronline.wetterapp","218","226","225","173","0.035","0.886","white"
"aplicacion.tiempo","76","193","220","191","0.655","0.863","teal"
"com.droid27.transparentclockweather","76","118","154","208","0.506","0.604","blue"
"com.windyty.android","191","59","42","7","0.780","0.749","red"
"com.accurate.forecast.live.weather.channel","97","82","101","287","0.188","0.396","purple"
"com.handmark.expressweather","46","153","235","206","0.804","0.922","blue"
"com.wunderground.android.weather","60","41","33","18","0.450","0.235","orange"
"com.weather.nold.forecast","104","138","198","218","0.475","0.776","blue"
"com.devexpert.weather","108","173","178","184","0.393","0.698","teal"
"com.miui.weather2","90","206","255","198","0.647","1.000","teal"
"com.coloros.weather.service","107","173","238","210","0.550","0.933","blue"
"com.inmobi.weather","20","83","167","214","0.880","0.655","blue"
"life.channel.accurate.local.weather.forecast","81","84","100","231","0.190","0.392","blue"
"com.apalon.weatherlive.free","236","242","239","150","0.025","0.949","white"
"com.wetter.androidclient","252","197","62","43","0.754","0.988","orange"
"com.yahoo.mobile.client.android.weather","141","92","230","261","0.600","0.902","purple"
"net.oneplus.weather","254","245","213","47","0.161","0.996","white"
"com.forecasts.noaa.live.weather","52","137","200","206","0.740","0.784","blue"
"com.acmeaom.android.myradar","112","73","56","18","0.500","0.439","orange"
"aplicacionpago.tiempo","121","204","178","161","0.407","0.800","green"
"cz.ackee.ventusky","84","104","169","226","0.503","0.663","blue"
"com.subtlesignals.gradientweather","219","217","121","59","0.447","0.859","yellow"
"com.helloweatherapp","131","186","164","156","0.296","0.729","green"
"com.exovoid.weather.app","117","170","155","163","0.312","0.667","green"
"cn.danatech.xingseus","213","243","231","156","0.123","0.953","white"
"org.plantnet","240","245","228","78","0.069","0.961","white"
"plant.identification.flower.tree.leaf.identifier.identify.cat.dog.breed.nature","147","188","121","97","0.356","0.737","green"
"com.floraincognita.app.floraincognita","164","194","131","89","0.325","0.761","green"
"com.scaleup.plantid","201","236","219","151","0.148","0.925","white"
"com.conceptivapps.blossom","229","232","227","96","0.022","0.910","white"
"com.myplantin.app","87","227","197","167","0.617","0.890","teal"
"com.google.ar.lens","238","238","241","240","0.012","0.945","white"
"com.codeway.plantapp","217","228","225","164","0.048","0.894","white"
"com.ai.plant_identifier","159","179","160","123","0.112","0.702","gray"
"org.inaturalist.seek","111","181","146","150","0.387","0.710","green"
"greg.io.care_app_android","134","131","220","242","0.405","0.863","blue"
"com.famoconnect.plant.identifier.rose.sunflowers.daisy.orchids.flowers.lavender.weeds","138","156","131","103","0.160","0.612","gray"
"plant.identification.snap","95","182","133","146","0.478","0.714","green"
"org.inaturalist.android","228","239","206","80","0.138","0.937","white"
"com.plantparentai.app","70","225","169","158","0.689","0.882","green"
"app.plantora.plantora","188","193","214","228","0.121","0.839","white"
"com.fws.plantsnap2","228","244","228","120","0.066","0.957","white"
"drplant.plantidentifier.app","95","173","105","128","0.451","0.678","green"
"plant.identifier.identify.flower.diagnosis","221","241","230","147","0.083","0.945","white"
"com.plant.identify.plantcare.identifier","72","213","120","140","0.662","0.835","green"
"com.stromming.planta","41","83","45","126","0.506","0.325","green"
"identifyplants.treesscan.flowers.plant.ai","223","248","230","137","0.101","0.973","white"
"me.jodoin.aiplantdoctor","230","235","222","83","0.055","0.922","white"
"com.florasense","203","237","222","154","0.143","0.929","white"
"com.identor.plant","68","166","90","133","0.590","0.651","green"
"com.ai.plant.finder.identifier.scanner.identify.flower.diagnose.leaf.recognition","241","238","210","54","0.129","0.945","white"
"solutions.qualis.plant_qual_app","222","230","210","84","0.087","0.902","white"
"com.ai.plant.identifier.care.diagnosis","232","235","226","80","0.038","0.922","white"
"net.dailylabs.plantr","28","134","51","133","0.791","0.525","green"
"com.carfax.mycarfax","214","207","202","25","0.056","0.839","white"
"br.com.ctncardoso.ctncar","229","222","207","41","0.096","0.898","white"
"com.kineapps.mycar","48","96","181","218","0.735","0.710","blue"
"com.ovz.carscanner","75","156","208","203","0.639","0.816","blue"
"com.jtnrdev.vehiclemaintenance","60","75","90","210","0.333","0.353","blue"
"com.innova.rs2","199","179","178","3","0.106","0.780","gray"
"energy.octopus.electricjuice.android","43","6","84","268","0.929","0.329","purple"
"com.cars.android.carapps.carnotes","251","226","227","358","0.100","0.984","white"
"gbis.gbandroid","218","230","231","185","0.056","0.906","white"
"com.circlek.gmap.na","243","101","93","3","0.617","0.953","red"
"com.coulombtech","250","186","137","26","0.452","0.980","orange"
"app.mechai.mobile","37","24","18","19","0.514","0.145","dark"
"org.eobdfacile.android","45","32","30","8","0.333","0.176","dark"
"com.dafturn.mypertamina","108","122","169","226","0.361","0.663","blue"
"com.bvmpetroleum.anupheap","53","63","61","168","0.159","0.247","gray"
"com.mdf.repsol","236","161","146","10","0.381","0.925","red"
"com.locnall.KimGiSa","179","191","67","66","0.649","0.749","yellow"
"com.bosch.ebike.onebikeapp","238","242","246","210","0.033","0.965","white"
"com.shell.sitibv.motorist.america","248","194","145","29","0.415","0.973","orange"
"pl.orlen.vitay","236","50","76","352","0.788","0.925","red"
"com.weproov","40","184","166","173","0.783","0.722","teal"
"com.xatori.Plugshare","74","116","192","219","0.615","0.753","blue"
"com.fixdapp.two","150","204","152","122","0.265","0.800","green"
"mureung.obdproject","43","188","255","199","0.831","1.000","teal"
"com.cleevio.ionity.android.app","27","14","72","253","0.806","0.282","blue"
"com.loggy","240","123","129","357","0.487","0.941","red"
"com.chargemap_beta.android","77","112","232","226","0.668","0.910","blue"
"com.AutoSist.Screens","118","89","79","15","0.331","0.463","orange"
"com.obdocker.obdocker","190","159","45","47","0.763","0.745","yellow"
"com.statiq","27","36","74","229","0.635","0.290","blue"
"com.l","111","193","112","121","0.425","0.757","green"
"com.purplecover.anylist","108","202","243","198","0.556","0.953","teal"
"ch.publisheria.bring","99","122","127","191","0.220","0.498","teal"
"com.capigami.outofmilk","39","210","213","181","0.817","0.835","teal"
"com.komorebi.shoppinglist","247","204","210","352","0.174","0.969","white"
"shopping.list.grocery.recipes.coupons","144","176","182","189","0.209","0.714","teal"
"com.grofers.customerapp","225","187","66","46","0.707","0.882","yellow"
"com.icedblueberry.shoppinglisteasy","213","42","76","348","0.803","0.835","red"
"com.wishabi.flipp","89","204","246","196","0.638","0.965","teal"
"com.ynctry.grocerybudget","129","198","153","141","0.348","0.776","green"
"com.bigbasket.mobileapp","207","196","143","50","0.309","0.812","yellow"
"com.pocketlabs.groceryking2","51","77","79","184","0.354","0.310","teal"
"de.markusliebschner.thatlist.pro","176","134","201","278","0.333","0.788","purple"
"com.HarderuesCompany.YourFood","170","185","151","86","0.184","0.725","green"
"ru.pyaterochka.app.browser","144","151","104","69","0.311","0.592","yellow"
"com.DramaProductions.Einkaufen5","27","211","201","177","0.872","0.827","teal"
"com.listic.shoppinglist","231","187","156","25","0.325","0.906","orange"
"fr.icuisto.icuisto","252","107","34","20","0.865","0.988","orange"
"studio.zovia.zupply","150","181","48","74","0.735","0.710","green"
"com.aswat.carrefouruae","36","105","175","210","0.794","0.686","blue"
"com.vladlee.shoppinglist","111","162","244","217","0.545","0.957","blue"
"com.buyitltd.buyit","218","217","247","242","0.121","0.969","white"
"com.pickery.app","251","166","204","333","0.339","0.984","pink"
"com.soriana.appsoriana","212","102","58","17","0.726","0.831","orange"
"com.krrave.customer","222","182","11","49","0.950","0.871","yellow"
"com.groceryoutlet.loyaltyapp","192","46","71","350","0.760","0.753","red"
"com.x2dpkstudios.instantinvoice","194","209","204","160","0.072","0.820","white"
"com.invoice2go.invoice2goplus","82","103","254","233","0.677","0.996","blue"
"io.easystaff.invoice.invoice","84","22","126","276","0.825","0.494","purple"
"com.tofu.invoices","107","138","143","188","0.252","0.561","teal"
"com.microsoft.teams","208","210","240","236","0.133","0.941","white"
"com.google.android.apps.dynamite","182","234","212","155","0.222","0.918","green"
"com.groupme.android","102","144","245","222","0.584","0.961","blue"
"com.zoho.chat","236","241","247","213","0.045","0.969","white"
"com.whatsapp","72","218","127","143","0.670","0.855","green"
"us.zoom.videomeetings","16","102","238","217","0.933","0.933","blue"
"com.tvisha.troopmessenger","153","97","119","336","0.366","0.600","pink"
"com.valvesoftware.android.steam.friendsui","84","116","148","210","0.432","0.580","blue"
"com.teamspeak.ts3client","121","134","150","213","0.193","0.588","blue"
"com.microsoft.office.lync15","173","229","250","196","0.308","0.980","teal"
"chat.simplex.app","198","228","242","199","0.182","0.949","teal"
"com.google.android.apps.tachyon","255","236","171","46","0.329","1.000","yellow"
"kik.android","239","250","231","95","0.076","0.980","white"
"com.icewarp.teamchatmobile","131","214","255","200","0.486","1.000","teal"
"to.go","192","238","210","143","0.193","0.933","green"
"com.beint.zangi","159","186","251","222","0.367","0.984","blue"
"com.juphoon.justalk","255","220","229","345","0.137","1.000","white"
"chat.fluffy.fluffychat","185","180","213","249","0.155","0.835","white"
"com.kakao.talk","189","163","9","51","0.952","0.741","yellow"
"com.appgodz.evh","75","101","107","191","0.299","0.420","teal"
"com.pipedrive","52","146","95","147","0.644","0.573","green"
"com.mindweaver.pocketcrm","100","59","158","265","0.627","0.620","purple"
"com.zoho.crm","96","158","230","212","0.583","0.902","blue"
"com.rapidops.salesmate","47","79","181","226","0.740","0.710","blue"
"com.facishare.fsplay","250","231","186","42","0.256","0.980","orange"
"com.callnoty.app","208","219","225","201","0.076","0.882","white"
"com.onepagecrm","255","164","41","34","0.839","1.000","orange"
"com.hubspot.android","255","119","86","12","0.663","1.000","red"
"com.youdontneedacrm.ydncrm","226","87","72","6","0.681","0.886","red"
"com.salesforce.chatter","186","230","247","197","0.247","0.969","teal"
"com.microsoft.crm.crmphone.sales","167","211","240","204","0.304","0.941","blue"
"com.katans.leader","164","120","233","263","0.485","0.914","purple"
"org.ubitech.vtlattendance","39","212","255","192","0.847","1.000","teal"
"com.getlead.app","246","141","145","358","0.427","0.965","red"
"com.leadsquared.nextgen","180","219","246","205","0.268","0.965","blue"
"com.simplyDepoMerchandise","82","163","116","145","0.497","0.639","green"
"com.ctpl.broker","169","221","255","204","0.337","1.000","blue"
"in.runo.call_crm","254","229","216","21","0.150","0.996","white"
"com.orggencrm.sales","193","210","222","205","0.131","0.871","white"
"com.zoho.bigin","36","164","92","146","0.780","0.643","green"
"com.insightly.droid","255","128","88","14","0.655","1.000","red"
"com.flowlu.flowlu","83","188","106","133","0.559","0.737","green"
"com.pipelinedeals","71","152","203","203","0.650","0.796","blue"
"com.automatebusiness.automatecrm","238","242","237","108","0.021","0.949","white"
"com.futuresimple.base","213","184","120","41","0.437","0.835","orange"
"com.salesforce.wave","212","226","235","203","0.098","0.922","white"
"com.leadsales.prod","122","106","233","248","0.545","0.914","blue"
"io.helloleads.dialer","82","108","114","191","0.281","0.447","teal"
"com.crm.es","223","226","209","71","0.075","0.886","white"
"com.mailchimp.mailchimp","210","184","23","52","0.890","0.824","yellow"
"com.zoho.campaigns","248","231","232","356","0.069","0.973","white"
"com.atomicmail","3","45","26","153","0.933","0.176","dark"
"com.emailsenderpro.app","42","42","45","240","0.067","0.176","dark"
"ch.protonmail.android","223","215","255","252","0.157","1.000","white"
"com.readdle.spark","102","193","225","196","0.547","0.882","teal"
"com.pingapp.app","241","228","252","272","0.095","0.988","white"
"org.kman.AquaMail","68","188","204","187","0.667","0.800","teal"
"com.yahoo.mobile.client.android.mail","139","91","239","259","0.619","0.937","blue"
"com.shortwave.android","78","124","255","224","0.694","1.000","blue"
"com.basecamp.hey","55","95","246","227","0.776","0.965","blue"
"app.zeely.android","208","208","208","0","0.000","0.816","white"
"com.easilydo.mail","58","172","254","205","0.772","0.996","blue"
"com.zoho.mail","232","235","239","214","0.029","0.937","white"
"io.canarymail.android","203","230","251","206","0.191","0.984","blue"
"com.invotech.mailrocket","217","228","234","201","0.073","0.918","white"
"net.thunderbird.android","165","201","238","210","0.307","0.933","blue"
"com.dnt_lab.emailme","220","222","222","180","0.009","0.871","white"
"me.bluemail.mail","146","174","243","223","0.399","0.953","blue"
"com.contactoffice.mailfence","57","114","166","209","0.657","0.651","blue"
"com.mail.mobile.android.mail","49","106","159","209","0.692","0.624","blue"
"eu.faircode.email","132","205","240","199","0.450","0.941","teal"
"com.baydin.boomerang","230","236","215","77","0.089","0.925","white"
"com.mailtime.android","137","196","245","207","0.441","0.961","blue"
"com.trtf.blue","112","193","251","205","0.554","0.984","blue"
"com.google.android.apps.adwords","191","211","215","190","0.112","0.843","white"
"com.spacemail","226","216","253","256","0.146","0.992","white"
"ai.email.write","110","112","217","239","0.493","0.851","blue"
"com.aol.mobile.aolapp","230","191","38","48","0.835","0.902","yellow"
"de.tutao.tutanota","161","60","85","345","0.627","0.631","red"
"com.grammarly.android.keyboard","184","219","215","173","0.160","0.859","white"
"com.quillbot.mobile","70","170","66","118","0.612","0.667","green"
"io.zyur.textelevate","95","129","124","171","0.264","0.506","teal"
"com.daily.aiwriter","108","168","240","213","0.550","0.941","blue"
"tech.butterfly.app","207","207","206","60","0.005","0.812","white"
"subtext.it","61","206","252","194","0.758","0.988","teal"
"com.qubitsolutionlab.aiwriter","150","136","244","248","0.443","0.957","blue"
"com.humanplusplus.sudowrite","236","167","202","330","0.292","0.925","pink"
"com.ai.chat.writer","206","206","206","0","0.000","0.808","white"
"com.eskritor.app","238","202","177","25","0.256","0.933","orange"
"content.writer.ai.assistant","50","68","63","163","0.265","0.267","green"
"com.xplore.iamwriter","206","206","206","0","0.000","0.808","white"
"com.microsoft.office.officehubrow","208","210","215","223","0.033","0.843","white"
"com.zemith.app","63","63","63","0","0.000","0.247","gray"
"com.brb.ai.writing.tools.mr","97","96","183","241","0.475","0.718","blue"
"com.chaoyan.chatai","113","199","168","158","0.432","0.780","green"
"com.secondearth.bookai","85","90","119","231","0.286","0.467","blue"
"com.editpad.paragraph_generator","93","74","152","255","0.513","0.596","blue"
"com.hecorat.screenrecorder.free","237","129","98","13","0.586","0.929","red"
"de.twokit.screen.recording.app","255","116","106","4","0.584","1.000","red"
"recorder.screenrecorder.videoeditor","255","146","72","24","0.718","1.000","orange"
"com.rsupport.mvagent","236","105","70","13","0.703","0.925","red"
"com.blogspot.byterevapps.lollipopscreenrecorder","58","169","159","175","0.657","0.663","teal"
"com.softin.recgo","64","34","34","0","0.469","0.251","red"
"screenrecorder.recorder.editor","238","162","123","20","0.483","0.933","orange"
"glip.gg","83","66","172","250","0.616","0.675","blue"
"com.tianxingjian.screenshot","52","178","236","199","0.780","0.925","teal"
"com.appculus.clypzo","244","92","85","3","0.652","0.957","red"
"screen.recorder.ul","221","230","204","81","0.113","0.902","white"
"com.screencastomatic.app","92","134","218","220","0.578","0.855","blue"
"com.loom.android","74","137","227","215","0.674","0.890","blue"
"com.systweak.ssr","250","173","105","28","0.580","0.980","orange"
"io.screenapp.screenapp_mobile","96","157","255","217","0.624","1.000","blue"
"com.sand.airdroid","252","238","241","347","0.056","0.988","white"
"pro.capture.screenshot.pay","68","178","233","200","0.708","0.914","teal"
"com.screenrecorder.recordatscreenrecorderpro","249","212","220","347","0.149","0.976","white"
"com.screenrecorder.free.recordaudiovide.facecam.editor.android","255","141","73","22","0.714","1.000","orange"
"jp.snowlife01.android.screenshot_trial","72","161","208","201","0.654","0.816","blue"
"com.oplus.screenrecorder","239","101","92","4","0.615","0.937","red"
"jp.snowlife01.android.screenshot","72","161","208","201","0.654","0.816","blue"
"com.nbow.screenrecorder","165","135","220","261","0.386","0.863","purple"
"com.icecoldapps.screenshoteasypro","67","154","194","199","0.655","0.761","teal"
"com.linuxauthority.screenrecorder","238","98","116","352","0.588","0.933","red"
"com.app.hdwallpaper.live.walls.background","124","152","163","197","0.239","0.639","teal"
"com.hdqwalls.hdqwalls1","67","17","95","278","0.821","0.373","purple"
"hd.uhd.wallpapers.best.quality","82","84","81","100","0.036","0.329","gray"
"com.google.android.apps.wallpaper","163","194","246","218","0.337","0.965","blue"
"com.shanga.walli","77","82","105","229","0.267","0.412","blue"
"com.backdrops.wallpapers","68","107","120","195","0.433","0.471","teal"
"com.phonewalls.stockwallpapers","33","34","34","180","0.029","0.133","dark"
"com.itreeapp.wallifywallpaper","51","36","74","264","0.514","0.290","purple"
"hd.uhd.live.wallpapers.topwallpapers","91","99","120","223","0.242","0.471","blue"
"com.hd.cool.wallpapers","78","65","58","21","0.256","0.306","orange"
"com.wallscape.mobile","115","64","184","266","0.652","0.722","purple"
"com.jndapp.depth.live.wallpaper","47","87","122","208","0.615","0.478","blue"
"com.sreeragag.pixwalls","111","61","81","336","0.450","0.435","pink"
"com.walloo.wallpapper","54","51","46","38","0.148","0.212","dark"
"com.stresscodes.wallp.pro","85","50","101","281","0.505","0.396","purple"
"com.rare.wallpapers","119","113","119","300","0.050","0.467","gray"
"com.lokeshkhatr.wallArts","25","23","69","243","0.667","0.271","blue"
"com.wallpapersexplore.wallpaper","126","108","117","330","0.143","0.494","gray"
"one4studio.wallpaper.one4wall","216","214","220","260","0.027","0.863","white"
"com.hampusolsson.abstruct","115","107","155","250","0.310","0.608","blue"
"com.wallverse.wallpapers","241","216","234","317","0.104","0.945","white"
"net.wllppr.kawaii_aesthetic_wallpaper","220","206","205","4","0.068","0.863","white"
"com.lagguy.wallpapers","136","126","109","38","0.199","0.533","orange"
"com.Aesthetic.Wallpaper.High.Definition.Apps","197","179","208","277","0.139","0.816","white"
"app.yog.zeelwalls","92","173","254","210","0.638","0.996","blue"
"com.vibewalls.ai.wallpaper.theme.widget.studio","242","237","255","257","0.071","1.000","white"
"com.motorola.livewallpaper3","237","233","240","274","0.029","0.941","white"
"com.sharpregion.tapet","107","69","115","290","0.400","0.451","purple"
"pedometer.steptracker.calorieburner.stepcounter","145","124","228","252","0.456","0.894","blue"
"steptracker.healthandfitness.walkingtracker.pedometer","92","193","51","103","0.736","0.757","green"
"com.stepsappgmbh.stepsapp","16","46","53","191","0.698","0.208","dark"
"com.tayu.tau.pedometer","65","169","241","205","0.730","0.945","blue"
"stepcounter.pedometer.stepstracker","92","127","227","224","0.595","0.890","blue"
"in.sweatco.app","177","144","201","275","0.284","0.788","purple"
"com.thestepupapp.stepup","20","140","161","189","0.876","0.631","teal"
"cc.pacer.androidapp","97","142","190","211","0.489","0.745","blue"
"com.fitbit.FitbitMobile","209","214","227","223","0.079","0.890","white"
"com.kjm.stepcounter","115","101","66","43","0.426","0.451","orange"
"com.weward","195","172","160","21","0.179","0.765","gray"
"com.garmin.android.apps.connectmobile","59","110","131","198","0.550","0.514","teal"
"com.huami.watch.hmwatchmanager","34","152","193","195","0.824","0.757","teal"
"com.nianticlabs.pikmin","189","225","176","104","0.218","0.882","green"
"pedometer.stepcounter.calorieburner.pedometerforwalking","210","111","145","339","0.471","0.824","pink"
"com.mapmywalk.android2","204","55","193","304","0.730","0.800","pink"
"com.stepcounter.pedometer.steptracker.fitness.android","135","136","239","239","0.435","0.937","blue"
"com.tracerofficial","242","174","33","40","0.864","0.949","orange"
"com.planetfitness","95","46","101","293","0.545","0.396","pink"
"com.macadamapp","163","163","216","240","0.245","0.847","blue"
"com.remind.drink.water.hourly","90","175","215","199","0.581","0.843","teal"
"com.water.tracker.remind","68","133","210","213","0.676","0.824","blue"
"com.northpark.drinkwater","110","214","129","131","0.486","0.839","green"
"hydration.watertracker.waterreminder.drinkwaterreminder","71","189","243","199","0.708","0.953","teal"
"ascendik.drinkwaterreminder.hydration.watertracker.drinkwater","127","166","246","220","0.484","0.965","blue"
"com.fourdesire.plantnanny2","157","205","148","111","0.278","0.804","green"
"watertracker.waterreminder.watertrackerapp.drinkwater","48","176","250","202","0.808","0.980","blue"
"water.drink.reminder.tracker","86","161","213","205","0.596","0.835","blue"
"com.water.reminder.tracker","112","180","228","205","0.509","0.894","blue"
"com.vgfit.waterbalance","40","168","247","203","0.838","0.969","blue"
"com.avi.waterreminder","202","220","217","170","0.082","0.863","white"
"com.drink.water.reminder.alarm.tracker","138","123","229","248","0.463","0.898","blue"
"com.xiaoruo.watertracker","215","231","241","203","0.108","0.945","white"
"com.victorsharov.mywaterapp","88","157","216","208","0.593","0.847","blue"
"app.waltermelon.mobile","171","199","133","85","0.332","0.780","green"
"ascendik.drinkwaterreminder.hydration.watertracker.drinkwater.pro","140","172","232","219","0.397","0.910","blue"
"net.offlinefirst.drops","79","200","234","193","0.662","0.918","teal"
"com.mobilecreatures.drinkwater","112","189","238","203","0.529","0.933","blue"
"com.h2glow.drinkwater.reminder.daily.tracker","7","40","50","194","0.860","0.196","dark"
"com.codium.hydrocoach.pro","216","235","255","211","0.153","1.000","white"
"com.hknfrt.waterflow","177","203","235","213","0.247","0.922","blue"
"com.lemonpiggy.drinkwater","240","244","242","150","0.016","0.957","white"
"com.trifoiltrailblazer.water_tracker_app","119","216","232","188","0.487","0.910","teal"
"hidratenow.com.hidrate.hidrateandroid","75","189","255","202","0.706","1.000","blue"
"net.uploss.water_app","194","216","246","215","0.211","0.965","blue"
"com.funnmedia.waterminder","71","183","240","200","0.704","0.941","blue"
"com.slfteam.qwater","227","246","252","194","0.099","0.988","white"
"com.waterdrop.hydrationapp","210","210","210","0","0.000","0.824","white"
"waterreminder.hydration.trackwater","143","169","191","208","0.251","0.749","blue"
